firstName,middleName,lastName,dateOfBirth,address,birthCertificateNumber
Oliver,A.,Smith,14-05-1990,"123 Baker Street London NW1 6XE",BCN12345678
Amelia,B.,Jones,23-11-1985,"456 High Street Manchester M1 2AB",BCN87654321
Harry,C.,Williams,30-07-1992,"789 King Road Birmingham B1 1AA",BCN23456789
Isla,D.,Taylor,12-03-1988,"101 Queen Avenue Liverpool L1 1AA",BCN34567890
Jack,E.,Brown,05-09-1995,"202 Prince Street Leeds LS1 1AA",BCN45678901
Emily,F.,Davies,19-01-1991,"303 Duke Lane Glasgow G1 1AA",BCN56789012
Charlie,G.,Evans,25-06-1987,"404 Earl Road Edinburgh EH1 1AA",BCN67890123
Ava,H.,Wilson,17-04-1993,"505 Baron Street Cardiff CF1 1AA",BCN78901234
Thomas,I.,Johnson,09-08-1996,"606 Viscount Avenue Belfast BT1 1AA",BCN89012345
Sophia,J.,Roberts,28-02-1989,"707 Count Lane Bristol BS1 1AA",BCN90123456
George,K.,Thompson,15-12-1994,"808 Marquess Road Sheffield S1 1AA",BCN01234567
Mia,L.,Wright,22-10-1990,"909 Duke Street Nottingham NG1 1AA",BCN12345098
Jacob,M.,Walker,03-05-1986,"1010 Earl Avenue Newcastle NE1 1AA",BCN23456109
Ella,N.,White,11-11-1992,"1111 Baron Lane Southampton SO1 1AA",BCN34567210
Noah,O.,Harris,07-07-1995,"1212 Viscount Street Leicester LE1 1AA",BCN45678321
Grace,P.,Lewis,29-09-1988,"1313 Count Avenue Coventry CV1 1AA",BCN56789432
Oscar,Q.,Robinson,21-03-1991,"1414 Marquess Lane Reading RG1 1AA",BCN67890543
Lily,R.,Wood,18-06-1993,"1515 Duke Road Derby DE1 1AA",BCN78901654
James,S.,Clarke,08-01-1996,"1616 Earl Street Plymouth PL1 1AA",BCN89012765
Ava,T.,Doe,26-08-1989,"1717 Baron Avenue Oxford OX1 1AA",BCN90123876